category_name,media_avaliacoes_uteis,total_reviews_agregado
"Goetz, Hermann",75.0000000000000000,1
"Wiese, Kurt",61.7797833935018051,277
Jack Benny Program,56.5000000000000000,2
New Explorers,44.0000000000000000,1
Basements & Attics,40.9230769230769231,26
